stock_code,stock_name
0001.KL,SUPERCOMNET TECHNOLOGIES BHD
0002.KL,KOTRA INDUSTRIES BHD
0003.KL,0003.KL
0005.KL,PALETTE MULTIMEDIA BHD
0006.KL,PINEAPPLE RESOURCES BHD
0007.KL,PUC FOUNDER (MSC) BHD
0008.KL,WILLOWGLEN MSC BHD
0009.KL,YTL E-SOLUTIONS BHD
0010.KL,IRIS CORPORATION BHD
0011.KL,BRITE-TECH BHD
0012.KL,THREE-A RESOURCES BHD
0013.KL,0013.KL
0016.KL,0016.KL
0017.KL,M3 TECHNOLOGIES(ASIA)BHD
0018.KL,ACCSOFT TECHNOLOGY BERHAD
0020.KL,NETX HOLDINGS BHD
0021.KL,GHL SYSTEMS BHD
0022.KL,0022.KL
0023.KL,IFCA MSC BHD
0024.KL,JAG BERHAD
0025.KL,LNG RESOURCES BHD
0026.KL,NOVA MSC BHD
0028.KL,SCOPE INDUSTRIES BHD
0029.KL,DIGISTAR CORPORATION BHD
0030.KL,0030.KL
0032.KL,REDTONE INTERNATIONAL BHD
0034.KL,MMAG HOLDINGS BERHAD
0035.KL,OPCOM HOLDINGS BHD
0036.KL,KEY ALLIANCE GROUP BERHAD
0037.KL,RGB INTERNATIONAL BHD
0038.KL,PLASTRADE TECHNOLOGY BHD
0039.KL,0039.KL
0040.KL,OPENSYS (M) BHD
0041.KL,PANPAGES BERHAD
0042.KL,0042.KL
0043.KL,METRONIC GLOBAL BHD
0045.KL,G NEPTUNE BERHAD
0047.KL,PERISAI PETROLEUM TEKNOLOGI
0048.KL,ANCOM LOGISTICS BERHAD
0049.KL,OCEANCASH PACIFIC BHD
0050.KL,SYSTECH BHD
0051.KL,CUSCAPI BHD
0052.KL,0052.KL
0053.KL,OSK VENTURES INTERNATIONAL BHD
0054.KL,KARYON INDUSTRIES BHD
0055.KL,SERSOL BERHAD
0056.KL,GRAND-FLO BERHAD
0058.KL,JCBNEXT BERHAD
0059.KL,M-MODE BHD
0060.KL,SKH CONSORTIUM BERHAD
0062.KL,0062.KL
0064.KL,EFFICIENT E-SOLUTIONS BHD
0065.KL,EXCEL FORCE MSC BHD
0066.KL,VSOLAR GROUP BERHAD
0067.KL,0067.KL
0068.KL,ASDION BHD
0069.KL,VIVOCOM INTL HOLDINGS BERHAD
0070.KL,MQ TECHNOLOGY BHD
0071.KL,0071.KL
0072.KL,AT SYSTEMATIZATION BHD
0074.KL,GREEN OCEAN CORPORATION BERHAD
0075.KL,MEXTER TECHNOLOGY BHD
0076.KL,0076.KL
0077.KL,0077.KL
0078.KL,GD EXPRESS CARRIER BHD
0079.KL,ORION IXL BERHAD
0080.KL,RAYA INTERNATIONAL BERHAD
0081.KL,MEGA SUN CITY HOLDINGS BERHAD
0082.KL,GREEN PACKET BHD
0083.KL,NOTION VTEC BHD
0084.KL,TECHFAST HOLDINGS BHD
0085.KL,MLABS SYSTEMS BHD
0086.KL,YGL CONVERGENCE BHD
0088.KL,0088.KL
0089.KL,TEX CYCLE TECHNOLOGY (M) BHD
0090.KL,ELSOFT RESEARCH BHD
0091.KL,DAYA MATERIALS BHD
0092.KL,MTOUCHE TECHNOLOGY BHD
0093.KL,SOLUTION ENGINEERING HOLDINGS
0094.KL,INIX TECHNOLOGIES HOLDINGS BHD
0095.KL,XINGHE HOLDINGS BERHAD
0096.KL,NEXGRAM HOLDINGS BERHAD
0097.KL,VITROX CORPORATION BHD
0098.KL,BORNEO AQUA HARVEST BHD
0099.KL,SCICOM (MSC) BHD
0100.KL,ES CERAMICS TECHNOLOGY BHD
0101.KL,TMC LIFE SCIENCES BHD
0102.KL,CONNECTCOUNTY HOLDINGS BHD
0103.KL,MNC WIRELESS BHD
0104.KL,GENETEC TECHNOLOGY BERHAD
0105.KL,ASIA POLY HOLDINGS BHD
0106.KL,REXIT BHD
0107.KL,EDUSPEC HOLDINGS BERHAD
0108.KL,N2N CONNECT BHD
0109.KL,SC ESTATE BUILDER BERHAD
0110.KL,R&A TELECOMMUNICATION GRP BHD
0111.KL,K-ONE TECHNOLOGY BHD
0112.KL,MIKRO MSC BERHAD
0113.KL,MMS VENTURES BHD
0116.KL,FOCUS DYNAMICS GROUP BERHAD
0117.KL,SMRT HOLDINGS BERHAD
0118.KL,TRIVE PROPERTY GROUP BERHAD
0119.KL,APPASIA BERHAD
0120.KL,VISDYNAMICS HOLDINGS BHD
0122.KL,ADVANCE INFORMATION MARKETING
0123.KL,PRIVASIA TECHNOLOGY BERHAD
0125.KL,0125.KL
0126.KL,MICROLINK SOLUTIONS BHD
0127.KL,JHM CONSOLIDATION BHD
0128.KL,FRONTKEN CORPORATION BHD
0129.KL,SILVER RIDGE HOLDINGS BHD
0130.KL,0130.KL
0131.KL,DIVERSIFIED GATEWAY SOLUTIONS
0132.KL,TECHNODEX BHD
0133.KL,SANICHI TECHNOLOGY BHD
0135.KL,0135.KL
0136.KL,GREENYIELD BHD
0137.KL,STEMLIFE BHD
0138.KL,MY E.G. SERVICES BHD
0139.KL,0139.KL
0140.KL,STERLING PROGRESS BERHAD
0141.KL,0141.KL
0143.KL,KEY ASIC BHD
0145.KL,TFP SOLUTIONS BHD
0146.KL,JF TECHNOLOGY BHD
0147.KL,0147.KL
0148.KL,SUNZEN BIOTECH BHD
0149.KL,FIBON BERHAD
0150.KL,ASIA BIOENERGY TECH BHD
0151.KL,KELINGTON GROUP BERHAD
0152.KL,DGB ASIA BERHAD
0153.KL,OVERSEA ENTERPRISE BERHAD
0154.KL,EA HOLDINGS BERHAD
0155.KL,0155.KL
0156.KL,MANAGEPAY SYSTEMS BERHAD
0157.KL,FOCUS POINT HOLDINGS BERHAD
0158.KL,SCC HOLDINGS BERHAD
0159.KL,ASIA MEDIA GROUP BERHAD
0162.KL,IDEAL JACOBS (M) CORPORATION B
0163.KL,CAREPLUS GROUP BERHAD
0165.KL,XOX BHD
0166.KL,INARI AMERTRON BERHAD
0167.KL,MCLEAN TECHNOLOGIES BERHAD
0168.KL,BOILERMECH HOLDINGS BHD
0169.KL,SMTRACK BERHAD
0171.KL,PETERLABS HOLDINGS BHD
0172.KL,OCK GROUP BERHAD
0173.KL,REV ASIA BERHAD
0174.KL,iDIMENSION CONSOLIDATED BHD
0177.KL,PASUKHAS GROUP BERHAD
0183.KL,SALUTICA BERHAD
1007.KL,AMCORP PROPERTIES BERHAD
1015.KL,AMMB HOLDINGS BHD
1023.KL,CIMB GROUP HOLDINGS BERHAD
1058.KL,MANULIFE HOLDINGS BERHAD
1066.KL,RHB BANK BERHAD
1082.KL,HONG LEONG FINANCIAL GROUP BHD
1147.KL,GLOBAL ORIENTAL BERHAD
1155.KL,MALAYAN BANKING BHD
1163.KL,ALLIANZ MALAYSIA BHD
1171.KL,MALAYSIA BUILDING SOCIETY BHD
1198.KL,MAA GROUP BERHAD
1201.KL,SUMATEC RESOURCES BHD
1236.KL,1236.KL
1287.KL,PAN MALAYSIA HOLDINGS BHD
1295.KL,PUBLIC BANK BHD
1368.KL,UEM EDGENTA BERHAD
1473.KL,1473.KL
1481.KL,ADVANCE SYNERGY BHD
1503.KL,GUOCOLAND (MALAYSIA) BHD
1538.KL,SYMPHONY LIFE BERHAD
1562.KL,BERJAYA SPORTS TOTO BHD
1589.KL,ISKANDAR WATERFRONT CITY BERHAD
1597.KL,IGB CORPORATION BHD
1619.KL,DRB-HICOM BHD
1643.KL,LANDMARKS BHD
1651.KL,MALAYSIAN RESOURCES CORP
1694.KL,MENANG CORPORATION (M) BHD
1716.KL,1716.KL
1724.KL,PARAMOUNT CORPORATION BHD
1783.KL,SELANGOR PROPERTIES BHD
1813.KL,1813.KL
1818.KL,BURSA MALAYSIA BHD
1899.KL,BATU KAWAN BHD
1902.KL,PINEHILL PACIFIC BERHAD
1929.KL,CHIN TECK PLANTATIONS BHD
1945.KL,PJ DEVELOPMENT HOLDINGS BHD
1961.KL,IOI CORPORATION BHD
1996.KL,KRETAM HOLDINGS BHD
2003.KL,2003.KL
2011.KL,2011.KL
2038.KL,NEGRI SEMBILAN OIL PALMS BHD
2054.KL,TDM BHD
2062.KL,HARBOUR-LINK GROUP BHD
2089.KL,UNITED PLANTATIONS BHD
2097.KL,EASTLAND EQUITY BHD
2127.KL,COMFORT GLOVES BERHAD
2135.KL,GOPENG BHD
2143.KL,ECM LIBRA FINANCIAL GRP BHD
2186.KL,KUCHAI DEVELOPMENT BHD
2194.KL,MMC CORPORATION BHD
2208.KL,PETALING TIN BHD
2216.KL,IJM PLANTATIONS BHD
2224.KL,SELANGOR DREDGING BHD
2259.KL,TALAM TRANSFORM BERHAD
2267.KL,2267.KL
2283.KL,ZELAN BHD
2291.KL,GENTING PLANTATIONS BERHAD
2305.KL,TAHPS GROUP BHD
2313.KL,2313.KL
2356.KL,2356.KL
2372.KL,2372.KL
2429.KL,TANCO HOLDINGS BHD
2445.KL,KUALA LUMPUR KEPONG BHD
2453.KL,KLUANG RUBBER CO (M) BHD
2488.KL,ALLIANCE FINANCIAL GROUP BHD
2542.KL,RIVERVIEW RUBBER ESTATES BHD
2569.KL,SUNGEI BAGAN RUBBER CO (M) BHD
2577.KL,YTL LAND & DEVELOPMENT BHD
2593.KL,UNITED MALACCA BHD
2607.KL,INCH KENNETH KAJANG RUBBER PLC
2615.KL,2615.KL
2658.KL,AJINOMOTO (M) BHD
2674.KL,ALUMINIUM COMPANY OF MALAYSIA
2682.KL,AMALGAMATED INDUSTRIAL STEEL
2739.KL,SINO HUA-AN INTERNATIONAL BHD
2747.KL,JAVA BERHAD
2755.KL,FCW HOLDINGS BHD
2771.KL,BOUSTEAD HOLDINGS BHD
2828.KL,C.I. HOLDINGS BHD
2836.KL,CARLSBERG BREWERY MALAYSIA BHD
2852.KL,CAHYA MATA SARAWAK BHD
2879.KL,CHEMICAL COMPANY OF MALAYSIA
2887.KL,LION DIVERSIFIED HOLDINGS BHD
2925.KL,CYCLE & CARRIAGE BINTANG BHD
2968.KL,GOLDEN PLUS HOLDINGS BHD
2976.KL,WING TAI MALAYSIA BERHAD
2984.KL,FACB INDUSTRIES INCORPORATED
3018.KL,OLYMPIA INDUSTRIES BHD
3026.KL,DUTCH LADY MILK INDUSTRIES BHD
3034.KL,HAP SENG CONSOLIDATED BHD
3042.KL,PETRON MSIA REFINING& MKTG BHD
3069.KL,MEGA FIRST CORPORATION BHD
3107.KL,FIMA CORPORATION BHD
3115.KL,KARAMBUNAI CORP BHD
3158.KL,YNH PROPERTY BHD
3174.KL,LAND & GENERAL BHD
3182.KL,GENTING BHD
3204.KL,GEORGE KENT (M) BHD
3239.KL,BERJAYA ASSETS BERHAD
3247.KL,GUH HOLDINGS BHD
3255.KL,HEINEKEN MALAYSIA BERHAD
3263.KL,3263.KL
3298.KL,HEXZA CORPORATION BHD
3301.KL,HONG LEONG INDUSTRIES BHD
3336.KL,IJM CORPORATION BHD
3379.KL,INSAS BHD
3395.KL,BERJAYA CORPORATION BHD
3417.KL,EASTERN & ORIENTAL BHD
3441.KL,JOHAN HOLDINGS BHD
3476.KL,KECK SENG (M) BHD
3484.KL,DAMANSARA REALTY BHD
3492.KL,3492.KL
3514.KL,MARCO HOLDINGS BHD
3522.KL,KIAN JOO CAN FACTORY BHD
3557.KL,ECOFIRST CONSOLIDATED BHD
3565.KL,KUMPULAN EUROPLUS BHD
3573.KL,LIEN HOE CORPORATION BHD
3581.KL,LION CORPORATION BHD
3611.KL,GOH BAN HUAT BHD
3662.KL,MALAYAN FLOUR MILLS BHD
3689.KL,FRASER & NEAVE HOLDINGS BHD
3697.KL,3697.KL
3719.KL,PANASONIC MANUFACTURING MSIA
3743.KL,SUNSURIA BERHAD
3778.KL,MELEWAR INDUSTRIAL GROUP BHD
3786.KL,3786.KL
3794.KL,LAFARGE MALAYSIA BERHAD
3808.KL,3808.KL
3816.KL,MISC BHD
3824.KL,3824.KL
3859.KL,MAGNUM BERHAD
3867.KL,MALAYSIAN PACIFIC INDUSTRIES
3875.KL,3875.KL
3883.KL,MUDA HOLDINGS BHD
3891.KL,MALAYAN UNITED INDUSTRIES BHD
3905.KL,MULPHA INTERNATIONAL BHD
3913.KL,MUI PROPERTIES BHD
3921.KL,MWE HOLDINGS BHD
3948.KL,DUTALAND BHD
3999.KL,3999.KL
4006.KL,ORIENTAL HOLDINGS BHD
4022.KL,TADMAX RESOURCES BERHAD
4057.KL,ASIAN PAC HOLDINGS BHD
4065.KL,PPB GROUP BHD
4073.KL,4073.KL
4081.KL,PAN MALAYSIA CORPORATION BHD
4103.KL,4103.KL
4162.KL,BRITISH AMERICAN TOBACCO (M)
4197.KL,SIME DARBY BHD
4219.KL,BERJAYA LAND BHD
4235.KL,LION INDUSTRIES CORPORATION
4243.KL,WTK HOLDINGS BHD
4251.KL,I-BHD
4286.KL,SEAL INCORPORATED BHD
4308.KL,4308.KL
4316.KL,SIN HENG CHAN (MALAYA) BHD
4324.KL,SHELL REFINING CO (F.O.M.) BHD
4359.KL,TURIYA BHD
4375.KL,SOUTH MALAYSIA INDUSTRIES BHD
4383.KL,JAYA TIASA HOLDINGS BHD
4405.KL,TAN CHONG MOTOR HOLDINGS BHD
4421.KL,4421.KL
4448.KL,TASEK CORPORATION BHD
4456.KL,DAGANG NEXCHANGE BERHAD
4464.KL,NAIM INDAH CORPORATION BHD
4502.KL,MEDIA PRIMA BHD
4529.KL,4529.KL
4537.KL,4537.KL
4561.KL,4561.KL
4588.KL,UMW HOLDINGS BHD
4596.KL,SAPURA RESOURCES BHD
4634.KL,POS MALAYSIA BHD
4642.KL,4642.KL
4677.KL,YTL CORPORATION BHD
4707.KL,NESTLE (M) BHD
4715.KL,GENTING MALAYSIA BERHAD
4723.KL,JAKS RESOURCES BERHAD
4731.KL,SCIENTEX BERHAD
4758.KL,ANCOM BHD
4782.KL,4782.KL
4804.KL,4804.KL
4839.KL,4839.KL
4847.KL,KONSORTIUM TRANSNASIONAL BHD
4863.KL,TELEKOM MALAYSIA BHD
4871.KL,4871.KL
4898.KL,TA ENTERPRISE BHD
4901.KL,4901.KL
4936.KL,4936.KL
4944.KL,NYLEX (M) BHD
4952.KL,AMANAH HARTA TANAH PNB
4995.KL,VERSATILE CREATIVE BHD
5000.KL,HUME INDUSTRIES BHD
5001.KL,MIECO CHIPBOARD BHD
5005.KL,UNISEM (M) BHD
5006.KL,MERGE ENERGY BHD
5007.KL,CHIN WELL HOLDINGS BHD
5008.KL,HARRISONS HOLDINGS (M) BHD
5009.KL,WHITE HORSE BHD
5010.KL,TONG HERR RESOURCES BHD
5011.KL,MESINIAGA BHD
5012.KL,TA ANN HOLDINGS BHD
5014.KL,MALAYSIA AIRPORTS HOLDINGS BHD
5015.KL,APM AUTOMOTIVE HOLDINGS BHD
5016.KL,WARISAN TC HOLDINGS BHD
5017.KL,5017.KL
5018.KL,5018.KL
5019.KL,5019.KL
5020.KL,GLOMAC BHD
5021.KL,AYS VENTURES BHD
5022.KL,PAOS HOLDINGS BHD
5024.KL,HUP SENG INDUSTRIES BHD
5025.KL,NWP HOLDINGS BHD
5026.KL,MHC PLANTATIONS BHD
5027.KL,KIM LOONG RESOURCES BHD
5028.KL,HEITECH PADU BHD
5029.KL,FAR EAST HOLDINGS BHD
5030.KL,5030.KL
5031.KL,TIME DOTCOM BHD
5032.KL,5032.KL
5033.KL,5033.KL
5035.KL,KNUSFORD BHD
5036.KL,EDARAN BHD
5037.KL,COMPUGATES HOLDINGS BHD
5038.KL,KSL HOLDINGS BHD
5039.KL,5039.KL
5040.KL,MEDA INC. BHD
5041.KL,PBA HOLDINGS BHD
5042.KL,TSR CAPITAL BHD
5043.KL,5043.KL
5046.KL,5046.KL
5047.KL,5047.KL
5048.KL,YI-LAI BHD
5049.KL,COUNTRY VIEW BHD
5052.KL,5052.KL
5053.KL,OSK HOLDINGS BHD
5054.KL,TRC SYNERGY BHD
5055.KL,5055.KL
5056.KL,ENGTEX GROUP BHD
5058.KL,5058.KL
5059.KL,5059.KL
5060.KL,KINSTEEL BHD
5062.KL,HUA YANG BHD
5065.KL,ORNAPAPER BHD
5066.KL,NTPM HOLDINGS BHD
5068.KL,LUSTER INDUSTRIES BHD
5069.KL,BLD PLANTATION BHD
5070.KL,PROTASCO BHD
5071.KL,COASTAL CONTRACTS BHD
5072.KL,HIAP TECK VENTURE BHD
5073.KL,NAIM HOLDINGS BHD
5074.KL,5074.KL
5075.KL,PLENITUDE BHD
5077.KL,MALAYSIAN BULK CARRIERS BHD
5078.KL,SILK HOLDINGS BERHAD
5079.KL,KBES BHD
5080.KL,POH KONG HOLDINGS BHD
5081.KL,ESTHETICS INTERNATIONAL GROUP
5082.KL,CYMAO HOLDINGS BHD
5084.KL,IBRACO BHD
5085.KL,MUDAJAYA GROUP BHD
5087.KL,MYCRON STEEL BHD
5088.KL,APEX EQUITY HOLDINGS BHD
5089.KL,5089.KL
5090.KL,MEDIA CHINESE INTERNATIONAL LT
5091.KL,EKOWOOD INTERNATIONAL BHD
5092.KL,LCTH CORPORATION BHD
5094.KL,CSC STEEL HOLDINGS BERHAD
5095.KL,HEVEABOARD BHD
5096.KL,5096.KL
5097.KL,5097.KL
5098.KL,MALAYSIA STEEL WORKS (KL)BHD
5099.KL,AIRASIA BHD
5100.KL,BP PLASTICS HOLDING BHD
5101.KL,EVERGREEN FIBREBOARD BHD
5102.KL,GUAN CHONG BHD
5103.KL,5103.KL
5104.KL,CNI HOLDINGS BHD
5105.KL,CAN-ONE BHD
5106.KL,AXIS REITS
5107.KL,IQ GROUP HOLDINGS BHD
5108.KL,ICAPITAL.BIZ BHD
5109.KL,YTL HOSPITALITY REIT
5110.KL,UOA REITS
5111.KL,TOWER REITS
5112.KL,TH PLANTATIONS BHD
5113.KL,RIMBUNAN SAWIT BHD
5115.KL,ALAM MARITIM RESOURCES BHD
5116.KL,AL-AQAR HEALTHCARE REIT
5117.KL,5117.KL
5119.KL,5119.KL
5120.KL,AMFIRST REITS
5121.KL,HEKTAR REITS
5122.KL,5122.KL
5123.KL,MRCB-QUILL REIT
5124.KL,5124.KL
5125.KL,PANTECH GROUP HOLDINGS BHD
5126.KL,SARAWAK OIL PALMS BHD
5127.KL,AMANAHRAYA REITS
5128.KL,5128.KL
5129.KL,MELATI EHSAN HOLDINGS BHD
5130.KL,ATRIUM REITS
5131.KL,ZHULIAN CORPORATION BHD
5132.KL,DELEUM BHD
5133.KL,PETRA ENERGY BHD
5134.KL,SOUTHERN ACIDS (M) BHD
5135.KL,SARAWAK PLANTATION BHD
5136.KL,COMPLETE LOGISTIC SERVICES BHD
5138.KL,HAP SENG PLANTATIONS HOLDINGS
5139.KL,AEON CREDIT SERVICE (M) BHD
5140.KL,TASCO BERHAD
5141.KL,DAYANG ENTERPRISE HOLDINGS BHD
5142.KL,WAH SEONG CORPORATION BHD
5143.KL,LUXCHEM CORPORATION BHD
5145.KL,SEALINK INTERNATIONAL BHD
5146.KL,PERWAJA HOLDINGS BERHAD
5147.KL,SAMCHEM HOLDINGS BERHAD
5148.KL,UEM SUNRISE BERHAD
5149.KL,TAS OFFSHORE BERHAD
5150.KL,5150.KL
5151.KL,HALEX HOLDINGS BERHAD
5152.KL,MUAR BAN LEE GROUP BERHAD
5155.KL,XINGQUAN INT SPORTS HLDG LTD
5156.KL,XIDELANG HOLDINGS LTD
5157.KL,SAUDEE GROUP BERHAD
5158.KL,TA GLOBAL BHD
5159.KL,YOONG ONN CORPORATION BERHAD
5160.KL,HOMERITZ CORPORATION BERHAD
5161.KL,JCY INTERNATIONAL BERHAD
5162.KL,ECS ICT BERHAD
5163.KL,SEREMBAN ENGINEERING BERHAD
5165.KL,HOCK HENG STONE INDUSTRIES BHD
5166.KL,ASIAMET EDUCATION GROUP BERHAD
5167.KL,TURBO-MECH BERHAD
5168.KL,HARTALEGA HOLDINGS BHD
5169.KL,HO HUP CONSTRUCTION COMPANY
5170.KL,SARAWAK CABLE BERHAD
5171.KL,KIMLUN CORPORATION BERHAD
5172.KL,K-STAR SPORTS LIMITED
5173.KL,SHIN YANG SHIPPING CORP BHD
5175.KL,IVORY PROPERTIES GROUP BERHAD
5176.KL,SUNWAY REAL ESTATE INVT TRUST
5177.KL,5177.KL
5178.KL,TATT GIAP GROUP BERHAD
5179.KL,5179.KL
5180.KL,CAPITALAND MALAYSIA MALL TRUST
5181.KL,SIG GASES BERHAD
5182.KL,MCT BERHAD
5183.KL,PETRONAS CHEMICALS GROUP BHD
5184.KL,CYPARK RESOURCES BERHAD
5185.KL,AFFIN HOLDINGS BHD
5186.KL,MALAYSIA MARINE AND HEAVY ENG
5187.KL,HB GLOBAL LIMITED
5188.KL,CHINA OUHUA WINERY HLDGS LTD
5189.KL,MAXWELL INT HOLDINGS BERHAD
5190.KL,BENALEC HOLDINGS BERHAD
5191.KL,TAMBUN INDAH LAND BERHAD
5192.KL,K. SENG SENG CORPORATION BHD
5193.KL,5193.KL
5194.KL,APFT BERHAD
5195.KL,CENSOF HOLDINGS BERHAD
5196.KL,BERJAYA FOOD BERHAD
5197.KL,FOCUS LUMBER BERHAD
5199.KL,HIBISCUS PETROLEUM BHD
5200.KL,UOA DEVELOPMENT BERHAD
5201.KL,OLDTOWN BERHAD
5202.KL,MSM MALAYSIA HOLDINGS BERHAD
5204.KL,PRESTARIANG BERHAD
5205.KL,EVERSENDAI CORPORATION BERHAD
5207.KL,SBC CORPORATION BHD
5208.KL,EITA RESOURCES BERHAD
5209.KL,GAS MALAYSIA BERHAD
5210.KL,BUMI ARMADA BERHAD
5211.KL,SUNWAY BERHAD
5212.KL,PAVILION REAL ESTATE INV TRUST
5213.KL,SENTORIA GROUP BERHAD
5214.KL,CHINA STATIONERY LIMITED
5215.KL,5215.KL
5216.KL,DATASONIC GROUP BERHAD
5218.KL,SAPURAKENCANA PETROLEUM BHD
5219.KL,PESTECH INTERNATIONAL BERHAD
5220.KL,GLOBALTEC FORMATION BERHAD
5222.KL,FELDA GLOBAL VENTURES HLDG BHD
5223.KL,MENTIGA CORPORATION BHD
5225.KL,IHH HEALTHCARE BERHAD
5226.KL,GABUNGAN AQRS BERHAD
5227.KL,IGB REAL ESTATE INV TRUST
5231.KL,PELIKAN INT.CORPORATION BHD
5258.KL,BIMB HOLDINGS BHD
5266.KL,5266.KL
5274.KL,5274.KL
5282.KL,5282.KL
5304.KL,5304.KL
5339.KL,5339.KL
5347.KL,TENAGA NASIONAL BHD
5355.KL,DAIMAN DEVELOPMENT BHD
5371.KL,KIM HIN INDUSTRY BHD
5398.KL,GAMUDA BHD
5401.KL,TROPICANA CORPORATION BERHAD
5436.KL,PSAHAAN SADUR TIMAH MSIA
5452.KL,5452.KL
5509.KL,5509.KL
5517.KL,SHANGRI-LA HOTELS (M) BHD
5533.KL,OCB BHD
5568.KL,APB RESOURCES BHD
5576.KL,MINHO (M) BHD
5584.KL,YEE LEE CORPORATION BHD
5592.KL,GRAND CENTRAL ENTERPRISES BHD
5606.KL,GOLDIS BHD
5614.KL,INTEGRATED LOGISTICS BHD
5622.KL,TRIPLC BHD
5649.KL,GOLDEN PHAROS BHD
5657.KL,PARKSON HOLDINGS BHD
5665.KL,SOUTHERN STEEL BHD
5673.KL,IPMUDA BHD
5681.KL,PETRONAS DAGANGAN BHD
5703.KL,MUHIBBAH ENGINEERING (M) BHD
5711.KL,THE STORE CORPORATION BHD
5738.KL,COUNTRY HEIGHTS HOLDINGS BHD
5754.KL,UTUSAN MELAYU (M) BHD
5789.KL,LBS BINA GROUP BHD
5797.KL,CHOO BEE METAL INDUSTRIES BHD
5819.KL,HONG LEONG BANK BHD
5827.KL,ORIENTAL INTEREST BHD
5835.KL,DOLOMITE CORPORATION BHD
5843.KL,KUMPULAN PERANGSANG SELANGOR
5878.KL,KPJ HEALTHCARE BHD
5886.KL,MINTYE INDUSTRIES BHD
5908.KL,DKSH HOLDINGS(M)BHD
5916.KL,MALAYSIA SMELTING CORPORATION
5924.KL,MTD ACPI ENGINEERING BHD
5932.KL,BINA PURI HOLDINGS BHD
5959.KL,A & M REALTY BHD
5975.KL,5975.KL
5983.KL,MBM RESOURCES BHD
6009.KL,PACIFIC & ORIENT BHD
6012.KL,MAXIS BERHAD
6017.KL,SHL CONSOLIDATED BHD
6025.KL,BERJAYA MEDIA BHD
6033.KL,PETRONAS GAS BHD
6041.KL,FARLIM GROUP (M) BHD
6068.KL,PCCS GROUP BHD
6076.KL,ENCORP BHD
6084.KL,STAR MEDIA GROUP BERHAD
6106.KL,6106.KL
6114.KL,MKH BERHAD
6139.KL,SYARIKAT TAKAFUL MALAYSIA BHD
6149.KL,METROD HOLDINGS BERHAD
6157.KL,6157.KL
6165.KL,6165.KL
6173.KL,BINA DARULAMAN BHD
6181.KL,MALTON BHD
6203.KL,KHEE SAN BHD
6211.KL,KIA LIM BHD
6238.KL,HOCK SENG LEE BHD
6246.KL,6246.KL
6254.KL,PDZ HOLDINGS BHD
6262.KL,INNOPRISE PLANTATIONS BERHAD
6289.KL,6289.KL
6297.KL,BOX-PAK (MALAYSIA) BHD
6327.KL,6327.KL
6351.KL,AMWAY (M) HOLDINGS BHD
6378.KL,TEKALA CORPORATION BHD
6394.KL,6394.KL
6432.KL,APOLLO FOOD HOLDINGS BHD
6459.KL,MNRB HOLDINGS BHD
6483.KL,K & N KENANGA HOLDINGS BHD
6491.KL,KUMPULAN FIMA BHD
6505.KL,6505.KL
6521.KL,SURIA CAPITAL HOLDINGS BHD
6548.KL,MALAYSIA PACIFIC CORP BHD
6556.KL,ANN JOO RESOURCES BHD
6572.KL,KWANTAS CORPORATION BHD
6599.KL,AEON CO. (M) BHD
6602.KL,BCB BHD
6637.KL,PNE PCB BHD
6645.KL,LINGKARAN TRANS KOTA HOLDINGS
6653.KL,6653.KL
6661.KL,6661.KL
6688.KL,6688.KL
6718.KL,CRESCENDO CORPORATION BHD
6742.KL,YTL POWER INTERNATIONAL BHD
6769.KL,JKG LAND BERHAD
6807.KL,PUNCAK NIAGA HOLDINGS BHD
6815.KL,EUPE CORPORATION BHD
6831.KL,6831.KL
6866.KL,6866.KL
6874.KL,KUB MALAYSIA BHD
6888.KL,AXIATA GROUP BERHAD
6904.KL,SUBUR TIASA HOLDINGS BHD
6912.KL,PASDEC HOLDINGS BHD
6939.KL,FIAMMA HOLDINGS BHD
6947.KL,DIGI.COM BHD
6963.KL,V.S INDUSTRY BHD
6971.KL,KOBAY TECHNOLOGY BHD
6998.KL,BINTAI KINDEN CORPORATION BHD
7000.KL,7000.KL
7002.KL,7002.KL
7003.KL,Y&G CORPORATION BHD
7004.KL,MCE HOLDINGS BERHAD
7005.KL,B.I.G. INDUSTRIES BHD
7006.KL,LATITUDE TREE HOLDINGS BHD
7007.KL,ARK RESOURCES BHD
7008.KL,7008.KL
7010.KL,GRAND HOOVER BHD
7013.KL,HUBLINE BHD
7014.KL,YLI HOLDINGS BHD
7016.KL,CHUAN HUAT RESOURCES BHD
7017.KL,KOMARKCORP BHD
7018.KL,CME GROUP BHD
7020.KL,YKGI HOLDINGS BERHAD
7022.KL,GLOBETRONICS TECHNOLOGY BHD
7023.KL,7023.KL
7025.KL,WOODLANDOR HOLDINGS BHD
7027.KL,7027.KL
7028.KL,ZECON BHD
7029.KL,MASTER-PACK GROUP BERHAD
7030.KL,7030.KL
7031.KL,AMTEL HOLDINGS BHD
7032.KL,7032.KL
7033.KL,KUMPULAN H&L HIGH-TECH BHD
7034.KL,THONG GUAN INDUSTRIES BHD
7035.KL,CCK CONSOLIDATED HOLDINGS BHD
7036.KL,BORNEO OIL BHD
7039.KL,7039.KL
7040.KL,7040.KL
7042.KL,7042.KL
7043.KL,JMR CONGLOMERATION BHD
7044.KL,7044.KL
7045.KL,SCOMI ENERGY SERVICES BHD
7047.KL,FAJARBARU BUILDER GRP BHD
7048.KL,ATLAN HOLDINGS BHD
7049.KL,7049.KL
7050.KL,WONG ENGINEERING CORPORATION
7051.KL,AMTEK HOLDINGS BHD
7052.KL,PADINI HOLDINGS BHD
7053.KL,SEE HUP CONSOLIDATED BHD
7054.KL,ASTRAL ASIA BHD
7055.KL,PLB ENGINEERING BHD
7059.KL,7059.KL
7060.KL,NEW HOONG FATT HOLDINGS BHD
7061.KL,7061.KL
7062.KL,KHIND HOLDINGS BHD
7064.KL,7064.KL
7066.KL,YONG TAI BHD
7068.KL,7068.KL
7070.KL,ASTRAL SUPREME BHD
7071.KL,O&C RESOURCES BERHAD
7073.KL,SEACERA GROUP BERHAD
7075.KL,7075.KL
7076.KL,CB INDUSTRIAL PRODUCT HOLDING
7077.KL,GSB GROUP BHD
7078.KL,AHMAD ZAKI RESOURCES BHD
7079.KL,TIGER SYNERGY BERHAD
7080.KL,PERMAJU INDUSTRIES BHD
7081.KL,PHARMANIAGA BHD
7082.KL,SYF RESOURCES BHD
7083.KL,ANALABS RESOURCES BHD
7084.KL,QL RESOURCES BHD
7085.KL,LTKM BHD
7086.KL,ABLEGROUP BERHAD
7087.KL,MAGNI-TECH INDUSTRIES BHD
7088.KL,POH HUAT RESOURCES HOLDINGS
7089.KL,LII HEN INDUSTRIES BHD
7090.KL,APEX HEALTHCARE BHD
7091.KL,UNIMECH GROUP BHD
7092.KL,7092.KL
7094.KL,EUROSPAN HOLDINGS BHD
7095.KL,P.I.E. INDUSTRIAL BHD
7096.KL,GPA HOLDINGS BHD
7097.KL,TA WIN HOLDINGS BHD
7098.KL,7098.KL
7099.KL,ATTA GLOBAL GROUP BERHAD
7100.KL,UCHI TECHNOLOGIES BHD
7103.KL,SPRITZER BHD
7104.KL,7104.KL
7105.KL,HCK CAPITAL GROUP BERHAD
7106.KL,SUPERMAX CORPORATION BHD
7107.KL,ORIENTAL FOOD INDUSTRIES HLDG
7108.KL,7108.KL
7109.KL,OCTAGON CONSOLIDATED BHD
7110.KL,HAISAN RESOURCES BHD
7111.KL,WEIDA (M) BHD
7112.KL,7112.KL
7113.KL,TOP GLOVE CORPORATION BHD
7114.KL,DNONCE TECHNOLOGY BHD
7115.KL,SKB SHUTTERS CORPORATION BHD
7116.KL,7116.KL
7117.KL,CENTURY LOGISTICS HOLDINGS BHD
7118.KL,7118.KL
7119.KL,DEGEM BHD
7120.KL,ACOUSTECH BHD
7121.KL,XIAN LENG HOLDINGS BHD
7122.KL,YFG BERHAD
7123.KL,PRICEWORTH INTERNATIONAL BHD
7125.KL,7125.KL
7126.KL,LONDON BISCUITS BHD
7127.KL,7127.KL
7128.KL,CAM RESOURCES BHD
7129.KL,ASIA FILE CORPORATION BHD
7130.KL,KUMPULAN POWERNET BHD
7131.KL,ACME HOLDINGS BERHAD
7132.KL,7132.KL
7133.KL,UNITED U-LI CORPORATION BHD
7134.KL,PWF CONSOLIDATED BERHAD
7136.KL,7136.KL
7137.KL,UMS HOLDINGS BHD
7139.KL,NICHE CAPITAL EMAS HLDG BHD
7140.KL,OKA CORPORATION BHD
7141.KL,HUAT LAI RESOURCES BHD
7143.KL,STONE MASTER CORPORATION BHD
7145.KL,PRINSIPTEK CORPORATION BHD
7146.KL,AE MULTI HOLDINGS BHD
7147.KL,7147.KL
7148.KL,CCM DUOPHARMA BIOTECH BHD
7149.KL,ENG KAH CORPORATION BHD
7152.KL,JAYCORP BHD
7153.KL,KOSSAN RUBBER INDUSTRIES BHD
7154.KL,CAELY HOLDINGS BHD
7155.KL,SKP RESOURCES BHD
7156.KL,7156.KL
7157.KL,CYL CORPORATION BHD
7158.KL,SCOMI GROUP BHD
7160.KL,PENTAMASTER CORPORATION BHD
7161.KL,KERJAYA PROSPEK GROUP BERHAD
7162.KL,ASTINO BHD
7163.KL,PJBUMI BHD
7164.KL,KNM GROUP BHD
7165.KL,SPRING GALLERY BERHAD
7167.KL,JOHORE TIN BHD
7168.KL,PRG HOLDINGS BERHAD
7169.KL,DOMINANT ENTERPRISE BHD
7170.KL,LFE CORPORATION BHD
7171.KL,CENTURY BOND BHD
7172.KL,PMB TECHNOLOGY BHD
7173.KL,TOYO INK GROUP BHD
7174.KL,CAB CAKARAN CORPORATION BHD
7175.KL,7175.KL
7176.KL,TPC PLUS BHD
7177.KL,7177.KL
7178.KL,Y.S.P.SOUTHEAST ASIA HOLDING
7179.KL,D.B.E. GURNEY RESOURCES BHD
7180.KL,SERN KOU RESOURCES BHD
7181.KL,ATURMAJU RESOURCES BHD
7182.KL,EKA NOODLES BERHAD
7183.KL,IRE-TEX CORPORATION BHD
7184.KL,YEN GLOBAL BERHAD
7185.KL,KEJURUTERAAN SAMUDRA TIMUR BHD
7186.KL,SWS CAPITAL BERHAD
7187.KL,BOON KOON GROUP BHD
7188.KL,BTM RESOURCES BHD
7189.KL,MB WORLD GROUP BERHAD
7190.KL,PELANGI PUBLISHING GROUP BHD
7191.KL,ADVENTA BHD
7192.KL,GOODWAY INTEGRATED INDUSTRIES
7193.KL,7193.KL
7194.KL,7194.KL
7195.KL,COMINTEL CORPORATION BHD
7196.KL,7196.KL
7197.KL,GE-SHEN CORPORATION BHD
7198.KL,DPS RESOURCES BHD
7199.KL,KEIN HING INTERNATIONAL BHD
7200.KL,TEK SENG HOLDINGS BHD
7201.KL,PROGRESSIVE IMPACT CORPORATION
7202.KL,CLASSIC SCENIC BHD
7203.KL,WANG-ZHENG BHD
7204.KL,D&O GREEN TECHNOLOGIES BERHAD
7205.KL,COCOALAND HOLDINGS BHD
7206.KL,TH HEAVY ENGINEERING BERHAD
7207.KL,SUCCESS TRANSFORMER CORP BHD
7208.KL,EURO HOLDINGS BHD
7209.KL,CHEETAH HOLDINGS BHD
7210.KL,FREIGHT MANAGEMENT HLDGS BHD
7211.KL,TAFI INDUSTRIES BHD
7212.KL,DESTINI BERHAD
7213.KL,HOVID BHD
7214.KL,A-RANK BHD
7215.KL,NI HSIN RESOURCES BHD
7216.KL,KAWAN FOOD BHD
7217.KL,EONMETALL GROUP BHD
7218.KL,TRANSOCEAN HOLDINGS BHD
7219.KL,MINETECH RESOURCES BHD
7220.KL,7220.KL
7221.KL,BSL CORPORATION BERHAD
7222.KL,IMASPRO CORPORATION BHD
7223.KL,JADI IMAGING HOLDINGS BHD
7225.KL,P.A. RESOURCES BHD
7226.KL,WATTA HOLDING BHD
7227.KL,UMS-NEIKEN GROUP BHD
7228.KL,TANJUNG OFFSHORE BHD
7229.KL,FAVELLE FAVCO BHD
7230.KL,TOMEI CONSOLIDATED BHD
7231.KL,WELLCALL HOLDINGS BHD
7232.KL,RESINTECH BHD
7233.KL,DUFU TECHNOLOGY CORP. BHD
7234.KL,MESB BHD
7235.KL,SUPERLON HOLDINGS BHD
7236.KL,7236.KL
7237.KL,POWER ROOT BERHAD
7239.KL,SCANWOLF CORPORATION BHD
7240.KL,VOIR HOLDINGS BHD
7241.KL,BHS INDUSTRIES BHD
7242.KL,7242.KL
7243.KL,BIO OSMO BHD
7245.KL,WZ SATU BERHAD
7246.KL,SIGNATURE INTERNATIONAL BHD
7247.KL,SCGM BHD
7248.KL,SLP RESOURCES BHD
7249.KL,EWEIN BERHAD
7250.KL,UZMA BHD
7251.KL,BARAKAH OFFSHORE PETROLEUM BHD
7252.KL,TEO SENG CAPITAL BHD
7253.KL,HANDAL RESOURCES BERHAD
7277.KL,DIALOG GROUP BHD
7285.KL,TOMYPAK HOLDINGS BHD
7293.KL,YINSON HOLDINGS BHD
7315.KL,AHB HOLDINGS BHD
7323.KL,KEN HOLDINGS BHD
7358.KL,7358.KL
7366.KL,SCOMI ENGINEERING BHD
7374.KL,TIEN WAH PRESS HOLDINGS BHD
7382.KL,GOLDEN LAND BERHAD
7412.KL,SHH RESOURCES HOLDINGS BHD
7439.KL,TECK GUAN PERDANA BHD
7447.KL,7447.KL
7455.KL,7455.KL
7471.KL,EDEN INC. BHD
7498.KL,RALCO CORPORATION BHD
7501.KL,HARN LEN CORPORATION BHD
7528.KL,DKLS INDUSTRIES BHD
7544.KL,QUALITY CONCRETE HOLDINGS BHD
7552.KL,7552.KL
7579.KL,AWC BERHAD
7587.KL,7587.KL
7595.KL,ML GLOBAL BERHAD
7609.KL,AJIYA BHD
7617.KL,MAGNA PRIMA BHD
7641.KL,7641.KL
7668.KL,HAI-O ENTERPRISE BHD
7676.KL,GUNUNG CAPITAL BERHAD
7692.KL,7692.KL
7706.KL,7706.KL
7722.KL,ASIA BRANDS BERHAD
7757.KL,UPA CORPORATION BHD
7765.KL,RAPID SYNERGY BHD
7773.KL,EP MANUFACTURING BHD
7781.KL,7781.KL
7803.KL,RUBBEREX CORPORATION (M) BHD
7811.KL,SAPURA INDUSTRIAL BHD
7854.KL,7854.KL
7889.KL,THRIVEN GLOBAL BERHAD
7919.KL,7919.KL
7927.KL,7927.KL
7935.KL,7935.KL
7943.KL,SAND NISKO CAPITAL BERHAD
7986.KL,CN ASIA CORPORATION BHD
8044.KL,COMPUTER FORMS (M) BHD
8052.KL,8052.KL
8079.KL,LEE SWEE KIAT GROUP BHD
8087.KL,8087.KL
8095.KL,MALAYSIA PACKAGING INDUSTRY
8117.KL,POLY GLASS FIBRE (M) BHD
8125.KL,DAIBOCHI PLASTIC & PACKAGING
8133.KL,BOUSTEAD HEAVY INDUSTRIES CORP
8141.KL,MAJUPERAK HOLDINGS BHD
8176.KL,DENKO INDUSTRIAL CORPORATION
8192.KL,MERCURY INDUSTRIES BHD
8206.KL,ECO WORLD DEVELOPMENT GROUP BER
8257.KL,8257.KL
8265.KL,8265.KL
8273.KL,PUBLIC PACKAGES HOLDINGS BHD
8281.KL,8281.KL
8303.KL,KUANTAN FLOUR MILLS BHD
8311.KL,PESONA METRO HOLDINGS BHD
8338.KL,DATAPREP HOLDINGS BHD
8346.KL,PERAK CORPORATION BHD
8362.KL,KYM HOLDINGS BHD
8397.KL,TIONG NAM LOGISTICS HOLDINGS
8419.KL,PANSAR BERHAD
8435.KL,CONCRETE ENGINEERING PRODUCTS
8443.KL,HIL INDUSTRIES BHD
8478.KL,HWA TAI INDUSTRIES BHD
8486.KL,LION FOREST INDUSTRIES BHD
8494.KL,LBI CAPITAL BHD
8508.KL,8508.KL
8516.KL,8516.KL
8524.KL,TALIWORKS CORPORATION BHD
8532.KL,SINOTOP HOLDINGS BERHAD
8559.KL,8559.KL
8567.KL,SALCON BHD
8575.KL,8575.KL
8583.KL,MAH SING GROUP BHD
8591.KL,CREST BUILDER HOLDINGS BHD
8605.KL,FEDERAL FURNITURE HOLDINGS (M)
8613.KL,ENRA GROUP BERHAD
8621.KL,LPI CAPITAL BHD
8648.KL,JASA KITA BHD
8656.KL,8656.KL
8664.KL,SP SETIA BHD
8672.KL,KAMDAR GROUP(M)BHD
8699.KL,8699.KL
8702.KL,TEXCHEM RESOURCES BHD
8737.KL,8737.KL
8745.KL,LEWEKO RESOURCES BHD
8761.KL,BREM HOLDINGS BHD
8818.KL,8818.KL
8826.KL,8826.KL
8834.KL,IREKA CORPORATION BHD
8842.KL,8842.KL
8869.KL,PRESS METAL BHD
8877.KL,EKOVEST BHD
8885.KL,RELIANCE PACIFIC BHD
8893.KL,MK LAND HOLDINGS BHD
8907.KL,EG INDUSTRIES BHD
8923.KL,JIANKUN INTERNATIONAL BERHAD
8931.KL,JERASIA CAPITAL BHD
8966.KL,PROLEXUS BHD
8982.KL,CEPATWAWASAN GROUP BHD
9008.KL,OMESTI BHD
9016.KL,EKSONS CORPORATION BHD
9024.KL,9024.KL
9032.KL,9032.KL
9059.KL,TSH RESOURCES BHD
9075.KL,THETA EDGE BERHAD
9083.KL,KUMPULAN JETSON BHD
9091.KL,EMICO HOLDINGS BHD
9113.KL,SANBUMI HOLDINGS BHD
9121.KL,KPS CONSORTIUM BHD
9148.KL,ADVANCED PACKAGING TECHNOLOGY
9172.KL,FORMOSA PROSONIC INDUSTRIES
9199.KL,LYSAGHT GALVANIZED STEEL BHD
9202.KL,9202.KL
9237.KL,SARAWAK CONSOLIDATED IND BHD
9261.KL,GADANG HOLDINGS BHD
9288.KL,BONIA CORPORATION BHD
9296.KL,RCE CAPITAL BHD
9318.KL,FITTERS DIVERSIFIED BHD
9326.KL,LB ALUMINIUM BHD
9334.KL,KESM INDUSTRIES BHD
9342.KL,ANZO HOLDINGS BERHAD
9369.KL,TEO GUAN LEE CORPORATION BHD
9377.KL,FSBM HOLDINGS BHD
9385.KL,LAY HONG BHD
9393.KL,INDUSTRONICS BHD
9407.KL,PARAGON UNION BHD
9415.KL,9415.KL
9423.KL,CHEE WAH CORPORATION BHD
9431.KL,SENI JAYA CORPORATION BHD
9458.KL,PREMIER NALFIN BERHAD
9466.KL,KKB ENGINEERING BHD
9474.KL,BRAHIMS HOLDINGS BERHAD
9504.KL,9504.KL
9539.KL,MULTI-USAGE HOLDINGS BHD
9547.KL,9547.KL
9555.KL,9555.KL
9563.KL,9563.KL
9571.KL,MITRAJAYA HOLDINGS BHD
9598.KL,PINTARAS JAYA BHD
9601.KL,HO WAH GENTING BHD
9628.KL,9628.KL
9644.KL,9644.KL
9652.KL,9652.KL
9679.KL,WCT HOLDINGS BERHAD
9687.KL,IDEAL UNITED BINTANG BHD
9695.KL,PLS PLANTATIONS BERHAD
9717.KL,SYCAL VENTURES BHD
9725.KL,9725.KL
9733.KL,9733.KL
9741.KL,TECNIC GROUP BERHAD
9776.KL,FARMS BEST BHD
9792.KL,SEG INTERNATIONAL BHD
9806.KL,NATIONWIDE EXPRESS COURIER SER
9814.KL,BERTAM ALLIANCE BHD
9822.KL,SAM ENGINEERING & EQUIPMENT
9849.KL,9849.KL
9865.KL,SUIWAH CORPORATION BHD
9873.KL,PRESTAR RESOURCES BHD
9881.KL,LEADER STEEL HOLDINGS BHD
9911.KL,9911.KL
9938.KL,BRIGHT PACKAGING INDUSTRY BHD
9946.KL,REX INDUSTRY BHD
9954.KL,ASIA KNIGHT BERHAD
9962.KL,GROMUTUAL BHD
9997.KL,PENSONIC HOLDINGS BHD
TLCS.KL,TALAM TRANSFORM BERHAD
